-- MySQL dump 10.13  Distrib 5.5.46, for debian-linux-gnu (x86_64)
--
-- Host: localhost    Database: academy
-- ------------------------------------------------------
-- Server version	5.5.46-0ubuntu0.14.04.2

/*!40101 SET @OLD_CHARACTER_SET_CLIENT=@@CHARACTER_SET_CLIENT */;
/*!40101 SET @OLD_CHARACTER_SET_RESULTS=@@CHARACTER_SET_RESULTS */;
/*!40101 SET @OLD_COLLATION_CONNECTION=@@COLLATION_CONNECTION */;
/*!40101 SET NAMES utf8 */;
/*!40103 SET @OLD_TIME_ZONE=@@TIME_ZONE */;
/*!40103 SET TIME_ZONE='+00:00' */;
/*!40014 SET @OLD_UNIQUE_CHECKS=@@UNIQUE_CHECKS, UNIQUE_CHECKS=0 */;
/*!40014 SET @OLD_FOREIGN_KEY_CHECKS=@@FOREIGN_KEY_CHECKS, FOREIGN_KEY_CHECKS=0 */;
/*!40101 SET @OLD_SQL_MODE=@@SQL_MODE, SQL_MODE='NO_AUTO_VALUE_ON_ZERO' */;
/*!40111 SET @OLD_SQL_NOTES=@@SQL_NOTES, SQL_NOTES=0 */;

--
-- Table structure for table `comments`
--

DROP TABLE IF EXISTS `comments`;
/*!40101 SET @saved_cs_client     = @@character_set_client */;
/*!40101 SET character_set_client = utf8 */;
CREATE TABLE `comments` (
  `id` int(11) NOT NULL AUTO_INCREMENT,
  `user_id` int(11) NOT NULL,
  `entity_id` int(11) NOT NULL,
  `entity_type` varchar(255) NOT NULL,
  `text` text NOT NULL,
  `created_at` int(11) NOT NULL,
  `updated_at` int(11) NOT NULL,
  `is_confirmed` int(11) NOT NULL DEFAULT '0',
  `guest_name` varchar(255) DEFAULT NULL,
  PRIMARY KEY (`id`)
) ENGINE=InnoDB AUTO_INCREMENT=47 DEFAULT CHARSET=utf8;
/*!40101 SET character_set_client = @saved_cs_client */;

--
-- Dumping data for table `comments`
--

LOCK TABLES `comments` WRITE;
/*!40000 ALTER TABLE `comments` DISABLE KEYS */;
INSERT INTO `comments` VALUES (44,1,1,'news','Замечательно...',1456466334,1456466581,1,NULL),(45,0,1,'news','Я недавно роутер перепрошил «левой» прошивкой чтобы умела работать с IPv6 туннелями, настроил и все окей. В IRC комнатах уже много народу видно кто подключен по IPv6.',1456466493,1456467127,1,'Пушкарёв'),(46,0,1,'news','Все бы хорошо — но переход будет мучительным. IPv6 требует значительно больше памяти и ресурсов вообще нежели IPv4. Таблица Fullview требует все больше памяти и с развитием IPv6 требования вырастут в разы. Даже cisco 7600 не хватает уже для этих целей.',1456467193,1456467193,1,'Максим');
/*!40000 ALTER TABLE `comments` ENABLE KEYS */;
UNLOCK TABLES;

--
-- Table structure for table `material_categories`
--

DROP TABLE IF EXISTS `material_categories`;
/*!40101 SET @saved_cs_client     = @@character_set_client */;
/*!40101 SET character_set_client = utf8 */;
CREATE TABLE `material_categories` (
  `id` int(11) NOT NULL AUTO_INCREMENT,
  `user_id` int(11) NOT NULL,
  `title` varchar(255) NOT NULL,
  `description` varchar(255) DEFAULT NULL,
  `created_at` int(11) NOT NULL,
  `updated_at` int(11) NOT NULL,
  `url` text NOT NULL,
  PRIMARY KEY (`id`)
) ENGINE=InnoDB AUTO_INCREMENT=5 DEFAULT CHARSET=utf8;
/*!40101 SET character_set_client = @saved_cs_client */;

--
-- Dumping data for table `material_categories`
--

LOCK TABLES `material_categories` WRITE;
/*!40000 ALTER TABLE `material_categories` DISABLE KEYS */;
INSERT INTO `material_categories` VALUES (1,1,'Лабораторные работы','',1454648333,1455125929,'labs'),(2,1,'Практические работы','2',1454679864,1456130934,'practic'),(3,1,'Презентации','',1456130995,1456130995,'presentations'),(4,1,'Софт','',1456131033,1456131033,'soft');
/*!40000 ALTER TABLE `material_categories` ENABLE KEYS */;
UNLOCK TABLES;

--
-- Table structure for table `materials`
--

DROP TABLE IF EXISTS `materials`;
/*!40101 SET @saved_cs_client     = @@character_set_client */;
/*!40101 SET character_set_client = utf8 */;
CREATE TABLE `materials` (
  `id` int(11) NOT NULL AUTO_INCREMENT,
  `user_id` int(11) DEFAULT NULL,
  `category_id` int(11) DEFAULT NULL,
  `title` varchar(255) DEFAULT NULL,
  `file` varchar(255) DEFAULT NULL,
  `created_at` int(11) NOT NULL,
  `updated_at` int(11) NOT NULL,
  PRIMARY KEY (`id`)
) ENGINE=InnoDB AUTO_INCREMENT=132 DEFAULT CHARSET=utf8;
/*!40101 SET character_set_client = @saved_cs_client */;

--
-- Dumping data for table `materials`
--

LOCK TABLES `materials` WRITE;
/*!40000 ALTER TABLE `materials` DISABLE KEYS */;
INSERT INTO `materials` VALUES (11,1,2,'Практическая работа 1 Определение MAC-адреса узла','621355397ceed60be5.doc',1455889089,1455889089),(12,1,2,'Практическая работа 2 Создание виртуальной сети','326785397cf0f8f773.pdf',1455889089,1455889089),(13,1,2,'Практическая работа 3 IP-адреса и сетевое взаимодействие','668265397cf202015f.pdf',0,0),(14,1,2,'Практическая работа 4 Беспроводное сетевое взаимодействие между узлами по принципу AD-HOC Win7','425715397cf3968bab.pdf',1455889089,1455889089),(15,1,2,'Практическая работа 5  Создание беспроводной сети BSS','513205397cf53d2fc3.pdf',1455889089,1455889089),(16,1,2,'Практическая работа 6 Создание беспроводной сети по принципу WDS и WDS+AP','235885397cf6109a3c.pdf',1455889089,1455889089),(17,1,2,'Практическая работа 7 Создание беспроводной сети с точками доступа работающими по принципу повторителя и беспроводного клиента','146525397d88459f84.pdf',1455889089,1455889089),(18,1,2,'Практическая работа 8 Настройка параметров безопасности беспроводной сети работающей в режиме инфраструктуры','371765397d890313ff.pdf',1455889089,1455889089),(19,1,2,'Практическая работа 11 Установка и первоначальная настройка DSLAM','224405397d8b16b980.pdf',1455889089,1455889089),(20,1,2,'Практическая работа 12 Установка и первоначальная настройка ADSL модема','452495397d8bc16239.pdf',1455889089,1455889089),(21,1,2,'Практическая работа 13 Настройка DSLAM для подключения ADSL модемов','719535397d8c68d2dc.pdf',1455889089,1455889089),(22,1,2,'Практическая работа 14 Дополнительные настройки DSLAM','958295397d8dc26af1.pdf',1455889089,1455889089),(23,1,2,'Практическая работа 15 Создание схемы сети по таблице маршрутизации','405915397d8e53c933.pdf',1455889089,1455889089),(24,1,2,'Практическая работа 16 Запись сетевых данных Wireshark','603315397d8f1d3d60.pdf',1455889089,1455889089),(25,1,2,'Практическая работа 17 Базовая настройка коммутатора CISCO','590145397d8fc5f5e5.pdf',1455889089,1455889089),(26,1,2,'Практическая работа 18 Базовая безопасность для коммутатора CISCO','464615397d93470685.pdf',1455889089,1455889089),(27,1,2,'Практическая работа 19 Web-интерфейс коммутатора 2го ур D_Link','939745397d93f3e67d.pdf',1455889089,1455889089),(28,1,2,'Практическая работа 20 Знакомство с коммутатором 2го ур D_Link','874315397d9649b8f6.pdf',1455889089,1455889089),(30,1,2,'Практическая работа 21 Конфигурирование VLAN D_Link','625415397d98cbf763.pdf',1455889089,1455889089),(31,1,2,'Практическая работа 22 Ассиметричные VLAN D_Link','222235397d99994207.pdf',1455889089,1455889089),(32,1,2,'Практическая работа 23 TrafficSegmentation D_Link','415985397d9a5ebf25.pdf',1455889089,1455889089),(33,1,2,'Практическая работа 24 Агрегирование портов D_Link','732035397d9af5a116.pdf',1455889089,1455889089),(34,1,2,'Практическая работа 25 Базовая конфигурация маршрутизатора CISCO','416605397d9c41d1e3.pdf',1455889089,1455889089),(35,1,2,'Практическая работа 26 Управление файлами конфигурации с помощью TFTP CISCO','103505397d9cd8e4a3.pdf',1455889089,1455889089),(36,1,2,'Практическая работа 27 Настройка VLAN CISCO','976055397d9d9eade9.pdf',1455889089,1455889089),(37,1,2,'Практическая работа 28 Настройка транкового соединения CISCO','708395397d9e50f637.pdf',1455889089,1455889089),(38,1,1,'Лабораторная работа 0 Обучение работы с PT','273575395cd0fab345.pka',1455889089,1455889089),(39,1,1,'Лабораторная работа 1 Наблюдение за пересылкой пакетов в сети','899945395cd1931ab3.pka',1455889089,1455889089),(40,1,1,'Лабораторная работа 2 Кофигурирование DHCP на многофунк устр','862345395cd23a09d0.pka',1455889089,1455889089),(41,1,1,'Лабораторная работа 3 Изучение NAT на многофунк устр','318045395cd6cd8938.pka',1455889089,1455889089),(42,1,1,'Лабораторная работа 4 Наблюдение за веб запросами','776905395cd81cc8c9.pka',1455889089,1455889089),(43,1,1,'Лабораторная работа 5 Просмотр данных PDU','634305395cd94d3a28.pka',1455889089,1455889089),(44,1,1,'Лабораторная работа 6 Выходные данные ping и tracerout','470695395cdad68ee2.pka',1455889089,1455889089),(45,1,1,'Лабораторная работа 7 Поиск и устранение проблем с сетью','758175395cdbfcdc10.pka',1455889089,1455889089),(46,1,1,'Лабораторная работа 8 Варианты сети с коммутатором','735935395cfb49c304.pka',1455889089,1455889089),(47,1,1,'Лабораторная работа 9 Изучение межсетевых устройств','700065395d0ce2fc3e.pka',1455889089,1455889089),(48,1,1,'Лабораторная работа 10 Внедрение схемы IP адресации','152525395d0e763277.pka',1455889089,1455889089),(49,1,1,'Лабораторная работа 11 Обмен данными между подсетями','418475395d0fdce614.pka',1455889089,1455889089),(50,1,1,'Лабораторная работа 12 Изучение преобразований NAT','484725395d5033bd69.pka',1455889089,1455889089),(51,1,1,'Лабораторная работа 13 Изучение CLI','333545395d5d4e814f.pka',1455889089,1455889089),(52,1,1,'Лабораторная работа 14 Изучение команд SHOW','367095395d73ef2684.pka',1455889089,1455889089),(53,1,1,'Лабораторная работа 15 Настройка начальной конфигурации','755215395d772d458b.pka',1455889089,1455889089),(54,1,1,'Лабораторная работа 16 Настройка интерфейсов','185165395d97b059ce.pka',1455889089,1455889089),(55,1,1,'Лабораторная работа 17 Настройка маршрута по-умолчанию','699155395d98aa237d.pka',1455889089,1455889089),(56,1,1,'Лабораторная работа 18 Настройка в качестве DHCP сервера','834575397cabb0c75c.pka',1455889089,1455889089),(57,1,1,'Лабораторная работа 19 Настройка статического NAT на маршрутизаторе','329485397cace97bb8.pka',1455889089,1455889089),(58,1,1,'Лабораторная работа 20 Резервное копирование на TFTP','279635397cae796c77.pka',1455889089,1455889089),(59,1,1,'Лабораторная работа 21 Настройка соединения PPP','767835397cb00c2d0d.pka',1455889089,1455889089),(60,1,1,'Лабораторная работа 22 Подключение коммутатора','673395397cb0d34890.pka',1455889089,1455889089),(61,1,1,'Лабораторная работа 23 Использование CDP','199345397cb206755d.pka',1455889089,1455889089),(62,1,1,'Лабораторная работа 24 Настройка статических маршрутов','581415397cb28de7fa.pka',1455889089,1455889089),(63,1,1,'Лабораторная работа 25 Настройка и проверка RIP','449215397cb3189d14.pka',1455889089,1455889089),(64,1,1,'Лабораторная работа 28 Базовая настройка маршрутизатора','636595397cc1cbe24a.pka',1455889089,1455889089),(65,1,1,'Лабораторная работа 29 Базовая настройка коммутатора','507165397cc28ecc60.pka',1455889089,1455889089),(66,1,1,'Лабораторная работа 30 Предотвращение петель коммутации','100365397cc34d40c5.pka',1455889089,1455889089),(67,1,1,'Лабораторная работа 31 Настройка домена VTP','926995397cc407b55c.pka',1455889089,1455889089),(68,1,1,'Лабораторная работа 32 Добавление коммутатора в домен VTP','720915397cc4aeb1b3.pka',1455889089,1455889089),(69,1,1,'Лабораторная работа 33 Настройка беспроводных VLAN','807185397cc561664b.pka',1455889089,1455889089),(70,1,1,'Лабораторная работа 34 Планирование корпаративной сети VLAN','527235397cc5d891d1.pka',1455889089,1455889089),(71,1,1,'Лабораторная работа 35 Исследование маршрутов','953095397ccde5ddfa.pka',1455889089,1455889089),(72,1,1,'Лабораторная работа 36 Настройка статических маршрутов','885545397cce9731f8.pka',1455889089,1455889089),(73,1,1,'Лабораторная работа 37 Настройка маршрутов по_умолчанию','271925397ccf9a2889.pka',1455889089,1455889089),(74,1,1,'Лабораторная работа 38 Маршрутизация между изолированными сетями','631795397cd015db50.pka',1455889089,1455889089),(75,1,1,'Лабораторная работа 39 Устранение проблем RIP v2','714535397cd08c20c4.pka',1455889089,1455889089),(76,1,1,'Лабораторная работа 40 Настройка EIGRP','160715397cd140aa65.pka',1455889089,1455889089),(77,1,1,'Лабораторная работа 41 Устранение проблем EIGRP','195885397cd4973086.pka',1455889089,1455889089),(78,1,1,'Лабораторная работа 42 Настройка и проверка стандартных ACL','423055397cd5471060.pka',1455889089,1455889089),(79,1,1,'Лабораторная работа 43 Планирование, настройка и проверка расширенных и именованных ACL','234445397cd5dc9263.pka',1455889089,1455889089),(80,1,1,'Лабораторная работа 44 Настройка и проверка расширенных ACL','292635397cd65171e8.pka',1455889089,1455889089),(81,1,1,'Лабораторная работа 45 Создание базового уровня','256635397cde69219d.pka',1455889089,1455889089),(82,1,1,'Лабораторная работа 50 Устранение проблем PPP CHAP','598555397cdf04115b.pka',1455889089,1455889089),(83,1,1,'Лабораторная работа 51 Устранение неисправностей WAN','436205397ce0999589.pka',1455889089,1455889089),(84,1,1,'Лабораторная работа 52 Проблемы размещения ACL','419435397ce15dd930.pka',1455889089,1455889089),(85,1,1,'Лабораторная работа 53 Исследование существующих устройств','445845397ce1db07f1.pka',1455889089,1455889089),(86,1,1,'Лабораторная работа 54 Установка программного обеспечения CISCO','990125397ce2714c4f.pka',1455889089,1455889089),(87,1,1,'Лабораторная работа 55 Установка дополнительных аппаратных модулей','841575397ce31eb384.pka',1455889089,1455889089),(88,1,1,'Лабораторная работа 56 Размещение точек беспроводного доступа','904615397ce3b3f752.pka',1455889089,1455889089),(89,1,3,'OSI Transport Layer','2604953945f56b7a89.ppt',1455889089,1455889089),(90,1,3,'ApplicationLayerFunctionalityAndProtocols','1260253945f1e6fdc5.ppt',1455889089,1455889089),(91,1,3,'Live in Network-Oriented World','3711753945ecbc8e50.ppt',1455889089,1455889089),(92,1,3,'OSI Network layer','3390953945f99dd20d.ppt',1455889089,1455889089),(93,1,3,'Addressing the Network_IPv4','3370953945fd57fbaf.ppt',1455889089,1455889089),(94,1,3,'Data link Layer','1574253946012a861c.ppt',1455889089,1455889089),(95,1,3,'OSI Phisical Layer','2008153946025a3a91.ppt',1455889089,1455889089),(96,1,3,'Ethernet','483555394647a2851e.ppt',1455889089,1455889089),(97,1,3,'Static routing','10303539464ba929b1.ppt',1455889089,1455889089),(98,1,3,'Introduction Dynamic routing protocols','84822539464df6b9a5.ppt',1455889089,1455889089),(99,1,3,'Distance Vector Routing Protocols','98909539465354d9bb.ppt',1455889089,1455889089),(100,1,3,'RIP version 1','3206353946564c401f.ppt',1455889089,1455889089),(101,1,3,'RIP version 2','5097153946578317b7.ppt',1455889089,1455889089),(102,1,3,'Router table','76256539465925e99b.ppt',1455889089,1455889089),(103,1,3,'EIGRP Часть 1','15602539466da6fe79.ppt',1455889089,1455889089),(104,1,3,'EIGRP Часть 2','56692539466ec0fca9.ppt',1455889089,1455889089),(105,1,3,'OSPF','55235539467082f195.ppt',1455889089,1455889089),(106,1,3,'Basic Switch Concepts and Configuration','155755394686e0ae77.ppt',1455889089,1455889089),(107,1,3,'VLANs','3550253946919ed200.ppt',1455889089,1455889089),(108,1,3,'VTP','394485394694de8e06.ppt',1455889089,1455889089),(109,1,3,'STP','9048053946b1c9f829.ppt',1455889089,1455889089),(110,1,3,'Inter_VLAN Routing','2529053946b53dffa5.ppt',1455889089,1455889089),(111,1,3,'Wirelass LAN','3376153946b71d5121.ppt',1455889089,1455889089),(112,1,3,'PPP','9470453946b92d85d8.ppt',1455889089,1455889089),(113,1,3,'Network Security','5317353946bb4d5e6d.ppt',1455889089,1455889089),(114,1,3,'ACL','2477653946bd382c52.ppt',1455889089,1455889089),(115,1,3,'IP adressing services','4277153946bee87e97.ppt',1455889089,1455889089),(116,1,3,'IP телефония','9558753946c066971f.ppt',1455889089,1455889089),(117,1,3,'Сетевая адресация','9918753946e3aa5e1b.ppt',1455889089,1455889089),(118,1,3,'DSL','8288553946e5261ed6.ppt',1455889089,1455889089),(119,1,3,'Основы безопасности','7657053946e82cb7c2.ppt',1455889089,1455889089),(120,1,3,'Планирование адресации','7602153946ea7a6068.ppt',1455889089,1455889089),(121,1,3,'Настройка сетевых устройств','8615753946ecd8a5c9.ppt',1455889089,1455889089),(122,1,3,'Настройка сетевых устройств2','5609953946edc839f2.ppt',1455889089,1455889089),(123,1,3,'Маршрутизация','4292853946f0869a1d.ppt',1455889089,1455889089),(124,1,3,'Службы ISP','4160053946f1d54603.ppt',1455889089,1455889089),(125,1,3,'Обязанности ISP','5793253946f65c7b0e.ppt',1455889089,1455889089),(126,1,3,'Корпоративные сети','5378953946f78b997c.ppt',1455889089,1455889089),(127,1,3,'Инфраструктура корпоративной сети','7164253946fa21a23e.ppt',1455889089,1455889089),(128,1,3,'Описание коммутации корпоративного уровня_STP','3590053946fb8acff4.ppt',1455889089,1455889089),(129,1,3,'Описание коммутации корпоративного уровня_VLAN','48584539470028fa13.ppt',1455889089,1455889089),(130,1,3,'Адресация в корпоративной сети','747065394702661b45.ppt',1455889089,1455889089),(131,1,3,'Списки контроля доступа ACL','740775394704c690a9.ppt',1455889089,1455889089);
/*!40000 ALTER TABLE `materials` ENABLE KEYS */;
UNLOCK TABLES;

--
-- Table structure for table `menu_index`
--

DROP TABLE IF EXISTS `menu_index`;
/*!40101 SET @saved_cs_client     = @@character_set_client */;
/*!40101 SET character_set_client = utf8 */;
CREATE TABLE `menu_index` (
  `id` int(11) NOT NULL AUTO_INCREMENT,
  `title` varchar(255) NOT NULL,
  `url` varchar(255) NOT NULL,
  `group` varchar(255) DEFAULT NULL,
  `type` tinyint(1) DEFAULT NULL,
  PRIMARY KEY (`id`)
) ENGINE=InnoDB AUTO_INCREMENT=85 DEFAULT CHARSET=utf8;
/*!40101 SET character_set_client = @saved_cs_client */;

--
-- Dumping data for table `menu_index`
--

LOCK TABLES `menu_index` WRITE;
/*!40000 ALTER TABLE `menu_index` DISABLE KEYS */;
INSERT INTO `menu_index` VALUES (72,'Галерея','/gallery','Разделы',NULL),(73,'Новости','/news','Разделы',NULL),(74,'Термины','/terms','Разделы',NULL),(75,'Материалы','/materials','Разделы',1),(76,'О нас','/home','Страницы',NULL),(77,'test2','/test28','Страницы',NULL),(78,'Контакты','/contacts','Страницы',NULL),(79,'Карта сайта','/map','Страницы',NULL),(80,'Лабораторные работы','/labs','Материалы',NULL),(81,'Второй раздел','/','Материалы',NULL),(82,'Практические работы','/practic','Материалы',NULL),(83,'Презентации','/presentations','Материалы',NULL),(84,'Софт','/soft','Материалы',NULL);
/*!40000 ALTER TABLE `menu_index` ENABLE KEYS */;
UNLOCK TABLES;

--
-- Table structure for table `migration`
--

DROP TABLE IF EXISTS `migration`;
/*!40101 SET @saved_cs_client     = @@character_set_client */;
/*!40101 SET character_set_client = utf8 */;
CREATE TABLE `migration` (
  `version` varchar(180) NOT NULL,
  `apply_time` int(11) DEFAULT NULL,
  PRIMARY KEY (`version`)
) ENGINE=InnoDB DEFAULT CHARSET=utf8;
/*!40101 SET character_set_client = @saved_cs_client */;

--
-- Dumping data for table `migration`
--

LOCK TABLES `migration` WRITE;
/*!40000 ALTER TABLE `migration` DISABLE KEYS */;
INSERT INTO `migration` VALUES ('m000000_000000_base',1454249755),('m160127_040843_create_users',1454249835),('m160130_125641_add_user_roles',1454249835),('m160131_085415_create_params_table',1454249835),('m160131_140941_add_photo_albums',1454249835),('m160131_144959_add_photos',1454251887),('m160131_175905_add_photos_to_albums',1454263282),('m160204_184604_add_terms',1454611742),('m160204_191858_add_news',1454613792),('m160205_043911_add_matherials',1454647361),('m160205_044537_material_categories',1454647601),('m160205_173056_add_pages',1454693583),('m160205_174552_add_url_to_pages',1454694423),('m160208_153414_add_timestamps_to_news',1454945849),('m160208_160835_add_views_count_to_news',1454947800),('m160210_044633_set_default_value_to_news_views_count',1455079638),('m160210_173328_add_url_to_material_categories',1455125734),('m160212_145130_add_cover_photo_id_to_albums',1455288889),('m160213_052522_add_views_count_to_photo_albums',1455341185),('m160215_060847_add_important_flag_to_news',1455516598),('m160215_071916_set_default_value_to_news_is_important',1455520789),('m160217_070536_add_secret_key_to_user',1455692780),('m160218_125658_add_comments_table',1455800476),('m160218_130628_add_is_confirmed_field_to_comments_table',1455800867),('m160218_144220_set_default_value_to_is_confirmed_in_comments',1455806575),('m160218_174536_add_guest_name_field_to_comments_table',1455817596),('m160221_090151_add_news_index_table',1456045437),('m160221_093336_change_group_column_in_menu_index_table',1456047290),('m160221_134050_add_extra_fields_to_params',1456062187),('m160221_140018_add_label_field_to_params',1456063259),('m160221_214320_add_salt_to_user',1456091047);
/*!40000 ALTER TABLE `migration` ENABLE KEYS */;
UNLOCK TABLES;

--
-- Table structure for table `news`
--

DROP TABLE IF EXISTS `news`;
/*!40101 SET @saved_cs_client     = @@character_set_client */;
/*!40101 SET character_set_client = utf8 */;
CREATE TABLE `news` (
  `id` int(11) NOT NULL AUTO_INCREMENT,
  `user_id` int(11) DEFAULT NULL,
  `title` varchar(255) DEFAULT NULL,
  `short_description` text,
  `description` text,
  `image` varchar(255) DEFAULT NULL,
  `created_at` int(11) NOT NULL,
  `updated_at` int(11) NOT NULL,
  `views_count` int(11) NOT NULL DEFAULT '0',
  `is_important` int(11) NOT NULL DEFAULT '0',
  PRIMARY KEY (`id`)
) ENGINE=InnoDB AUTO_INCREMENT=9 DEFAULT CHARSET=utf8;
/*!40101 SET character_set_client = @saved_cs_client */;

--
-- Dumping data for table `news`
--

LOCK TABLES `news` WRITE;
/*!40000 ALTER TABLE `news` DISABLE KEYS */;
INSERT INTO `news` VALUES (1,1,'День всемирного запуска IPv61','<p>Сегодня, 6 июня 2012 года, основные провайдеры, производители домашнего сетевого оборудования и интернет-компании во всём мире объединились в том, чтобы уже навсегда включить IPv6 для своих продуктов и сервисов параллельно с IPv4.<br />&nbsp;<br />На сайте worldipv6launch.org утверждается, что сегодняшний День всемирного запуска IPv6, организованный &laquo;Обществом Интернета&raquo; и основанный на успешном проведении Всемирного дня IPv6 8 июня 2011 года, представляет собой важную веху в глобальном развёртывании IPv6. Как преемник текущего интернет-протокола IPv4, IPv6 имеет решающее значение для дальнейшего роста Интернета в качестве платформы для инноваций и экономического развития.&nbsp;</p>','<p>Сегодня, 6 июня 2012 года, основные провайдеры, производители домашнего сетевого оборудования и интернет-компании во всём мире объединились в том, чтобы уже навсегда включить IPv6 для своих продуктов и сервисов параллельно с IPv4.<br /><br />На сайте worldipv6launch.org утверждается, что сегодняшний День всемирного запуска IPv6, организованный &laquo;Обществом Интернета&raquo; и основанный на успешном проведении Всемирного дня IPv6 8 июня 2011 года, представляет собой важную веху в глобальном развёртывании IPv6. Как преемник текущего интернет-протокола IPv4, IPv6 имеет решающее значение для дальнейшего роста Интернета в качестве платформы для инноваций и экономического развития.<br /><br />В феврале 2011 года у агентства IANA закончились адреса для распределения региональным регистраторам. По словам одного из отцов Интернета Винта Серфа, хотя некоторые устройства уже могут совместно использовать один адрес (домашний маршрутизатор работает как коммутатор для устройств вашего дома), если IPv6 не будет реализован, то скоро придётся делить один адрес с несколькими людьми или даже с целым районом.<br /><br />Полный переход займёт некоторое время. Некоторым пользователям, возможно, потребуется обновить свои домашние маршрутизаторы или обновить ПО своей операционной системы, чтобы включить IPv6 параллельно с IPv4. Если вам интересно узнать, когда вы получите подключение по протоколу IPv6 (если ещё нет), Винт Серф рекомендует спросить об этом у вашего провайдера.123 &nbsp;</p>','0ihDVmTkIu27WvB4X9oWiOJk7KKHIVkB.png',0,1456467190,6,1),(2,1,'В Deutsche Telekom установили рекорд по скорости стабильной передачи данных в 400 Гбит/сек ','<p>При этом специалисты компании работали не с новым типом канала, а с обычным оптоволокном. Получив такой результат, передача данных со скоростью в 400 Гбит/сек, немецкая компания автоматически поставила рекорд по скорости передачи данных (из расчета на один оптоволоконный канал). Проект получил название OSIRIS (Optically Supported IP Router Interfaces). Ранее рекордной скоростью передачи данных по одному опто-волоконному каналу была скоростью в 186 Гбит<br /> /сек. Этот результат был получен командой независимых специалистов.</p>','<p><br />При этом специалисты компании работали не с новым типом канала, а с обычным оптоволокном. Получив такой результат, передача данных со скоростью в 400 Гбит/сек, немецкая компания автоматически поставила рекорд по скорости передачи данных (из расчета на один оптоволоконный канал). Проект получил название OSIRIS (Optically Supported IP Router Interfaces). Ранее рекордной скоростью передачи данных по одному опто-волоконному каналу была скоростью в 186 Гбит<br /> /сек. Этот результат был получен командой независимых специалистов.<br /> <br /> Рекорд был поставлен на канале с большой протяженностью. Так, данные передавались из Берлина в Ганновер и обратно, это примерно 734 километра пути. При этом передача данных была вполне стабильна вплоть до указанных 400 Гбит/сек. Эксперты пытались поднять скорость вплоть до 512 Гбит/сек, но после барьера в 400 Гбит/сек передача была уже нестабильной, так что рекордным был признан именно такой результат. По мнению работников компании, теоретическая скорость при использовании опытной технологии может достигнуть &laquo;потолка&raquo; в 24,6 Тбит/сек.<br /> <br /> Что касается результатов Deutsche Telekom, то оператор связи собирается использовать свои наработки для практической реализации данной технологии. По мнению экспертов компании, подобная скорость может быть обычной уже через короткое время. Правда, первоначально каналы с повышенной пропускной способностью будут переданы клиентам, которым нужная такая производительность. Вряд ли это будут клиенты-физические лица. Скорее всего, Deutsche Telekom поначалу будет сотрудничать с крупными компаниями из ИТ-сектора, а затем уже реализовывать технологию для всех остальных.<br /> <br /> Проект разрабатывался совместно с такой компанией, как Alcatel-Lucent. Обе компании говорят, что для достижения указанных выше скоростей передачи данных замена линий связи не нужна. Нужна только смена терминального оборудования. Но когда будет заменяться оборудование, и увеличиваться пропускная способность каналов от Deutsche Telekom, пока неизвестно.</p>','3XHhkTzAllF2FuVzXYCTmLB66QC4tPhs.jpg',1454951859,1455889089,8,1),(3,1,'Выход в финал международной олимпиады по ТСИ','<p>Студенты группы ПР-50п Крипак М. и Попов К. заняли 15 место и вышли в финал международной олимпиады по ТСИ. Финал олимпиады состоится 21 ноября 2013 года в Екатеринбурге. Удачи ребята!</p>','<p>Студенты группы ПР-50п Крипак М. и Попов К. заняли 15 место и вышли в финал международной олимпиады по ТСИ. Финал олимпиады состоится 21 ноября 2013 года в Екатеринбурге. Удачи ребята!</p>',NULL,1455069925,1455822244,6,0),(4,1,'Netgear ReadyNAS 716 стал самым быстрым десктопным NAS','<p><span style=\"color: #000000; font-family: Verdana, Sans; line-height: 18px;\">Компания&nbsp;</span><a style=\"color: #0066cc; cursor: pointer; font-family: Verdana, Sans; line-height: 18px;\" href=\"http://www.ferra.ru/ru/networks/review/netgear-r6300-ieee-802-11-ac-router/\">Netgear</a><span style=\"color: #000000; font-family: Verdana, Sans; line-height: 18px;\">&nbsp;представила новую систему хранения ReadyNAS 716 (RN716X). Новинка поддерживает сетевую инфраструктуру 10GbE и, по словам&nbsp; является самым быстрым в мире сетевым хранилищем в десктопном форм-факторе. ReadyNAS 716 обладает шестью дисковыми отсеками и максимальной емкостью до 24 ТБ (84 ТБ при использовании дополнительных модулей расширения). Поддерживая пропускную способность до 10GE, ReadyNAS 716 на данный момент стала единственной на рынке системой NAS, способной одновременно передавать в потоковом режиме несколько Blu-ray файлов.&nbsp;</span></p>','<p><span style=\"color: #000000; font-family: Verdana, Sans; line-height: 18px;\">Компания&nbsp;</span><a style=\"color: #0066cc; cursor: pointer; font-family: Verdana, Sans; line-height: 18px;\" href=\"http://www.ferra.ru/ru/networks/review/netgear-r6300-ieee-802-11-ac-router/\">Netgear</a><span style=\"color: #000000; font-family: Verdana, Sans; line-height: 18px;\">&nbsp;представила новую систему хранения ReadyNAS 716 (RN716X). Новинка поддерживает сетевую инфраструктуру 10GbE и, по словам&nbsp; является самым быстрым в мире сетевым хранилищем в десктопном форм-факторе. ReadyNAS 716 обладает шестью дисковыми отсеками и максимальной емкостью до 24 ТБ (84 ТБ при использовании дополнительных модулей расширения). Поддерживая пропускную способность до 10GE, ReadyNAS 716 на данный момент стала единственной на рынке системой NAS, способной одновременно передавать в потоковом режиме несколько Blu-ray файлов.</span></p>\r\n<p><span style=\"color: #000000; font-family: Verdana, Sans; line-height: 18px;\">ReadyNAS 716 получил память ECC объемом 16 ГБ, два встроенных порта 10GBASE-T, поддерживает жесткие диски SATA (емкостью до 4 Тбайт), твердотельные диски SSD и имеет 3 порта расширения eSATA для масштабирования емкости. Полнофункциональное управление возможно из облака с помощью функции ReadyCLOUD. Также поддерживается защищенный удаленный доступ, динамическое выделение емкости (thin provisioning), синхронизация файлов ReadyDROP, мобильные клиенты ReadyDLNA для удаленного потокового воспроизведения мультимедиа. Netgear ReadyNAS 716 будет доступен в России в первом квартале 2014 года. Цена для США составляет $4500</span></p>','JLg4HXs13_S_buff9rLU9J3o0RW1H1S6.jpg',1455072554,1455894670,31,0),(5,1,'Студенты Омского авиационного колледжа заняли 6 место.','<p><span style=\"font-family: arial, helvetica, sans-serif; font-size: 14px;\">&nbsp; &nbsp;Студенты&nbsp;</span><span style=\"font-family: arial, helvetica, sans-serif; font-size: 14px; color: #000000; line-height: 17.600000381469727px;\">&nbsp;Омского авиационного колледжа в составе Трипилец М., Попов А., Димиденко М. заняли&nbsp;<strong>6 место</strong>&nbsp;из 924 команд-участниц,задания выполнялись на различном оборудование D-link. Поздравляем &nbsp;ребята!</span></p>','<div><span style=\"font-size: 14px;\"><span style=\"font-family: arial,helvetica,sans-serif;\">&nbsp; &nbsp;Студенты&nbsp;<span style=\"color: #000000; line-height: 17.600000381469727px;\">&nbsp;Омского авиационного колледжа в составе Трипилец М., Попов А., Димиденко М. заняли <strong>6 место</strong> из 924 команд-участниц,задания выполнялись на различном оборудование D-link. Поздравляем &nbsp;ребята!</span></span></span></div>\r\n<div><span style=\"font-size: 14px;\"><span style=\"font-family: arial,helvetica,sans-serif;\">&nbsp; &nbsp; На базе Уральского радиотехнического колледжа им. А.С. Попова прошла III Международная олимпиада профессионального мастерства обучающихся в учреждениях ВПО и СПО по направлению &laquo;Основы сетевых технологий&raquo; памяти преподавателя колледжа Аверина Владимира Григорьевича.</span></span></div>\r\n<div>\r\n<div><span style=\"font-size: 14px;\"><span style=\"font-family: arial,helvetica,sans-serif;\">&nbsp; &nbsp;Олимпиада проходила в два этапа. Первый этап &ndash; дистанционное тестирование. В нем приняли участие около 3000 студентов: 924 команды из 469 учебных заведений, из 260 городов: России, Украины, Белоруссии, Казахстана и Монголии.</span></span></div>\r\n<div><span style=\"font-size: 14px;\"><span style=\"font-family: arial,helvetica,sans-serif;\">&nbsp;</span></span></div>\r\n</div>\r\n<p>&nbsp;</p>','gT83PkO9037wmQC7-aM8ZnlRFqJ9bQSw.png',1456116925,1456116925,0,0),(6,1,'Поздравляем Димиденко Максима с получением сертификата CCNA!','<p>Изрядно удивил специалистов сертификационного центра выпуcкник сетевой академии при Омавиат Димиденко Максим! При прохождении сертификационных испытаний по CCNA Максим уложился в один час не сделав ни одной ошибки!</p>','<p><span style=\"font-family: \'courier new\', courier, monospace; font-size: 16px; text-align: center;\">Изрядно удивил специалистов сертификационного центра выпуcкник сетевой академии при Омавиат&nbsp;</span><span style=\"font-family: \'courier new\', courier, monospace; font-size: 16px; text-align: center; background-color: #ff0000;\">Димиденко Максим</span><span style=\"font-family: \'courier new\', courier, monospace; font-size: 16px; text-align: center;\">! При прохождении сертификационных испытаний по CCNA Максим уложился в один час не сделав ни одной ошибки!&nbsp;</span></p>','pmr6IYWNDJdTT6nekLCSVT5hoXWHbbS5.jpg',1456116925,1456463596,2,0),(7,1,'Поздравляем финалистов Международной олимпиады 2015!','<p><span style=\"color: #000000;\">На базе Уральского радиотехнического колледжа им. А.С. Попова прошла Международная Олимпиада профессионального мастерства обучающихся в учреждениях ВПО и СПО по компетенции &laquo;Системное и сетевое администрирование&raquo;. Конкурируя с&nbsp;<strong>1512 </strong>командами из<strong> 571 </strong>учебных заведений, из<strong> 295 </strong>городов: России, Украины, Белоруссии, Казахстана, Армении, в финале оказались студенты Омавиат&nbsp;<em><strong>Трипилец Максим Александрович (капитан),&nbsp;Братко Михаил Александрович и&nbsp;Попов Александр Андреевич</strong></em>.</span></p>','<p>На базе Уральского радиотехнического колледжа им. А.С. Попова прошла Международная Олимпиада профессионального мастерства обучающихся в учреждениях ВПО и СПО по компетенции &laquo;Системное и сетевое администрирование&raquo; памяти преподавателя колледжа <strong>Аверина Владимира Григорьевича. </strong>Олимпиада в данном формате проводится в первый раз и объединила две традиционные Олимпиады &ndash; &laquo;Технические средства информатизации&raquo; и &laquo;Основы сетевых технологий&raquo;, проводимые с 2009 г.,</p>\r\n<p>Олимпиада проходила в три этапа:</p>\r\n<p>Первый этап &ndash; дистанционное тестирование. В нем приняли участие около 4&nbsp;536 студентов: <strong>1512 </strong>команд из<strong> 571 </strong>учебного заведения, из<strong> 295 </strong>городов: России, Украины, Белоруссии, Казахстана, Армении.</p>\r\n<p>Второй этап &ndash; практическая работа в Cisco PacketTracer, дистанционно на серверах&nbsp; УРТК им А.С. Попова: 50 лучших команд.</p>\r\n<p>Третий этап &ndash; очное практическое задание по развертыванию сети в двух филиалах организации, обеспечения маршрутизации трафика, настройки безопасности соединений, развертывания сервера виртуализации, основного и резервного контроллера домена, системы видеонаблюдения, системы резервного копирования, системы web-мониторинга сети, обеспечения централизованной аутентификации на сетевых устройствах, построения антивирусной сети. В третьем этапе приняли участие 12 лучших. Ребята выполняли задание в течении 14 часов.</p>\r\n<p>Конкурируя с&nbsp;<strong>1512&nbsp;командами из<strong>&nbsp;571&nbsp;</strong>учебных заведений, из<strong>&nbsp;295&nbsp;</strong>городов: России, Украины, Белоруссии, Казахстана, Армении, в финале оказались студенты Омавиат&nbsp;<em><strong>Трипилец Максим Александрович (капитан),&nbsp;Братко Михаил Александрович и&nbsp;Попов Александр Андреевич</strong></em></strong></p>','1APlRO1uEWcCiNswcB62h8i3DlJW--W0.jpg',1456116925,1456463987,2,0),(8,1,'Четвертый областной открытый конкурс профессионального мастерства по сетевым технологиям','<p>Объявляны победители конкурсов в следующих номинациях: &laquo;Настройка коммутационного оборудования D-Link&raquo;, &laquo;Сетевое и системное администрирование&raquo;, &laquo;Проектирование компьютерной сети в MS Visio&raquo;, &laquo;Операция Резидент&raquo;, &laquo;Теоретические основы информационных технологий&raquo;.</p>','<p>18 ноября 2015 года на базе БПОУ ОО &laquo;Омский авиационный колледж имени&nbsp;Н.Е. Жуковского&raquo; прошел&nbsp;<em>Четвертый областной открытый конкурс профессионального мастерства по сетевым технологиям.</em></p>\r\n<p>&nbsp;</p>\r\n<p>&nbsp;</p>\r\n<p>Организаторы конкурса:</p>\r\n<p style=\"margin-left: 1cm;\">-&nbsp;&nbsp;&nbsp;&nbsp;&nbsp; Министерство образования Омской области;</p>\r\n<p style=\"margin-left: 1cm;\">-&nbsp;&nbsp;&nbsp;&nbsp;&nbsp; Областная общественная организация Совет директоров СПУЗ;</p>\r\n<p style=\"margin-left: 1cm;\">-&nbsp;&nbsp;&nbsp;&nbsp;&nbsp; БПОУ &laquo;Омский авиационный колледж имени Н.Е.&nbsp;Жуковского&raquo;, Omaviat Cisco Academy (ID 3065203);</p>\r\n<p style=\"margin-left: 1cm;\">-&nbsp;&nbsp;&nbsp;&nbsp;&nbsp; Обособленное подразделение ООО &laquo;Д-Линк Трэйд&raquo;</p>\r\n<p style=\"margin-left: 1cm;\">-&nbsp;&nbsp;&nbsp;&nbsp;&nbsp; ООО &laquo;Омские кабельные сети&raquo;</p>\r\n<p style=\"margin-left: 1cm;\">-&nbsp;&nbsp;&nbsp;&nbsp;&nbsp; Cisco Academy Omsk State University n.a. F.M.&nbsp;Dostoevskiy (ID 44053).</p>\r\n<p>Время на выполнение конкурсных заданий 60&nbsp;минут (В номинации &laquo;Системное и сетевое администрирование&raquo; 120 минут).</p>','HpbBBKqgmX5ncFihonXQHVv6O1LvvNv6.jpg',1456116925,1456463900,3,0);
/*!40000 ALTER TABLE `news` ENABLE KEYS */;
UNLOCK TABLES;

--
-- Table structure for table `pages`
--

DROP TABLE IF EXISTS `pages`;
/*!40101 SET @saved_cs_client     = @@character_set_client */;
/*!40101 SET character_set_client = utf8 */;
CREATE TABLE `pages` (
  `id` int(11) NOT NULL AUTO_INCREMENT,
  `title` varchar(255) DEFAULT NULL,
  `content` text,
  `created_at` int(11) NOT NULL,
  `updated_at` int(11) NOT NULL,
  `url` varchar(255) NOT NULL,
  PRIMARY KEY (`id`)
) ENGINE=InnoDB AUTO_INCREMENT=10 DEFAULT CHARSET=utf8;
/*!40101 SET character_set_client = @saved_cs_client */;

--
-- Dumping data for table `pages`
--

LOCK TABLES `pages` WRITE;
/*!40000 ALTER TABLE `pages` DISABLE KEYS */;
INSERT INTO `pages` VALUES (1,'О нас','   <div class=\"breaking-news\">\r\n                                        <div class=\"alert alert-warning\" role=\"alert\">  <p style=\"text-align: center; font-size: 16px;\">\r\n                                                <strong>В настоящий момент сетевая академия проводит обучение по программе</strong></p>\r\n                                            <p class=\"text-center\" style=\"font-size: 16px;\">\r\n                                                <strong>\"Объединенные сети\".</strong></p>\r\n                                            <p style=\"padding: 5px 10px;\">\r\n                                                Программа состоит из 4-х частей:</p>\r\n                                            <ol style=\"padding: 5px 25px;\">\r\n                                                <li>\r\n                                                    <span style=\"font-size: 14px;\">Основы компьютерных сетей;</span></li>\r\n                                                <li>\r\n                                                    <span style=\"font-size: 14px;\">Технологии и протоколы маршрутизации;</span></li>\r\n                                                <li>\r\n                                                    <span style=\"font-size: 14px;\">Коммутация и беспроводные сети;</span></li>\r\n                                                <li>\r\n                                                    <span style=\"font-size: 14px;\">Технологии доступа&nbsp;к глобальным сетям.</span></li>\r\n                                            </ol>\r\n                                            <p>\r\n                                                 <span style=\"color:#ff0000;\"><span style=\"font-style:italic;font-family: Arial; font-size: 13px; line-height: 15px;\">Стоимость – 15 000 р.&nbsp;</span>\r\n                                                      <br style=\"color: rgb(50, 50, 50); font-family: Arial; font-size: 13px; line-height: 15px;\">\r\n                                                <em><span style=\"color:#ff0000;font-family: Arial; font-size: 13px; line-height: 15px;\">Обучение 3 раза в неделю, с 17.10, продолжительность курса – 292 аудиторных часа.</span></em></p>\r\n                                            <p>\r\n                                                <em>\r\n\r\n\r\n	<span style=\"font-family: Arial; font-size: 13px; line-height: 15px;\">Оформление договора – кабинет 141 с 8.00 до 18.00 (обед 12.00-13.00), т. 31-16-39, 31-73-55</span></span></em></p>\r\n                                        </div></div>\r\n<p>\r\n	<span style=\"font-size:14px;\">Сетевая академия при Омавиат им. Н.Е. Жуковского осуществляет свою деятельность с 2009 года. Большая часть работы проводится в&nbsp;<span style=\"text-indent: -0.64cm;\">&nbsp;Лаборатории сетевых технологий, операционных систем и виртуализации.&nbsp;</span></span></p>\r\n<p>\r\n	<span style=\"font-size:14px;\">Основной задачей академии является ведение образовательной и научно-исследовательской деятельности в следующих областях:</span></p>\r\n<ol>\r\n	<li>\r\n		<p class=\"список-western\">\r\n			<span style=\"font-size:14px;\">технологии объединенных сетей, в том числе:</span></p>\r\n		<ul>\r\n			<li>\r\n				<p class=\"список-western\">\r\n					<span style=\"font-size:14px;\">коммутация и маршрутизация в локальных и глобальных сетях;</span></p>\r\n			</li>\r\n			<li>\r\n				<p class=\"список-western\">\r\n					<span style=\"font-size:14px;\">беспроводные сети;</span></p>\r\n			</li>\r\n			<li>\r\n				<p class=\"список-western\">\r\n					<span style=\"font-size:14px;\">обеспечение безопасности сети;</span></p>\r\n			</li>\r\n			<li>\r\n				<p class=\"список-western\">\r\n					<span style=\"font-size:14px;\">передача видео и речи по <span lang=\"en-US\">IP-</span><span lang=\"ru-RU\">сетям;</span></span></p>\r\n			</li>\r\n			<li>\r\n				<p class=\"список-western\">\r\n					<span style=\"font-size:14px;\">технологии &quot;последней мили&quot;;</span></p>\r\n			</li>\r\n		</ul>\r\n	</li>\r\n	<li>\r\n		<p class=\"список-western\">\r\n			<span style=\"font-size:14px;\">архитектура и эксплуатация операционных систем;</span></p>\r\n	</li>\r\n	<li>\r\n		<p class=\"список-western\">\r\n			<span style=\"font-size:14px;\">технологии виртуализации.</span></p>\r\n	</li>\r\n</ol>\r\n<p class=\"список-western\">\r\n	<span style=\"font-size:14px;\">Цели академии:</span></p>\r\n<ol>\r\n	<li>\r\n		<p class=\"список-western\">\r\n			<span style=\"font-size:14px;\">изыскание новых перспективных направлений и тенденций;</span></p>\r\n	</li>\r\n	<li>\r\n		<p class=\"список-western\">\r\n			<span style=\"font-size:14px;\">проведение курсов повышения квалификации;</span></p>\r\n	</li>\r\n	<li>\r\n		<p class=\"список-western\">\r\n			<span style=\"font-size:14px;\">проведение авторизованных курсов вендоров и подготовка к сдаче сертификационных экзаменов;</span></p>\r\n	</li>\r\n	<li>\r\n		<p class=\"список-western\">\r\n			<span style=\"font-size:14px;\">поддержка профильных дисциплин по специальностям колледжа и научно-технического творчества студентов;</span></p>\r\n	</li>\r\n	<li>\r\n		<p class=\"список-western\">\r\n			<span style=\"font-size:14px;\">написание и издание учебной, методической и научной литературы;</span></p>\r\n	</li>\r\n	<li>\r\n		<p class=\"список-western\">\r\n			<span style=\"font-size:14px;\">создание материально-технической и интеллектуальной базы для обеспечения качественного уровня преподавания и высокого уровня научных исследований.</span></p>\r\n	</li>\r\n</ol>\r\n\r\n',1454694834,1455641071,'home'),(8,'Контакты','<p align=\"center\">\r\n	&nbsp;Адрес: ул. Ленина, д. 24, Омск, 644024, тел.(3812) 314 465, факс (3812) 314&nbsp;465, (3812) 317 354,</p>\r\n<script type=\"text/javascript\" charset=\"utf-8\" src=\"https://api-maps.yandex.ru/services/constructor/1.0/js/?sid=r-aEiYG1SZJOe_NxJYrAL95Ckd72p3tp&width=100%&height=544&lang=ru_RU&sourceType=constructor\"></script>',1455853137,1455853565,'contacts'),(9,'Карта сайта','<p><img id=\"Map\" src=\"../../img/Map.png\" alt=\"\" usemap=\"#m_Map\" width=\"630\" height=\"402\" name=\"Map\" /> <map id=\"m_Map\" name=\"m_Map\"> \r\n<area alt=\"\" coords=\"602,226,651,226,651,301,602,301,602,226\" shape=\"poly\" href=\"../../materials/soft\" />\r\n \r\n<area alt=\"\" coords=\"529,226,591,226,591,301,529,301,529,226\" shape=\"poly\" href=\"../../materials/discovery\" />\r\n \r\n<area alt=\"\" coords=\"457,226,522,226,522,301,457,301,457,226\" shape=\"poly\" href=\"../../materials/exploration\" />\r\n \r\n<area alt=\"\" coords=\"382,226,446,226,446,301,382,301,382,226\" shape=\"poly\" href=\"../../materials/presentations\" />\r\n \r\n<area title=\"лабораторные\" alt=\"лабораторные\" coords=\"261,226,374,226,374,301,261,301,261,226\" shape=\"poly\" href=\"../../materials/labs\" />\r\n \r\n<area title=\"Практические\" alt=\"Практические\" coords=\"155,226,255,226,255,301,155,301,155,226\" shape=\"poly\" href=\"../../materials/practic\" />\r\n \r\n<area title=\"Карта\" alt=\"Карта\" coords=\"570,115,635,115,635,176,570,176,570,115\" shape=\"poly\" href=\"../../map\" />\r\n \r\n<area title=\"Контакты\" alt=\"Контакты\" coords=\"446,115,515,115,515,176,446,176,446,115\" shape=\"poly\" href=\"../../contacts\" />\r\n \r\n<area title=\"Учебные материалы\" alt=\"Учебные материалы\" coords=\"319,115,419,115,419,176,319,176,319,115\" shape=\"poly\" href=\"#\" />\r\n \r\n<area title=\"Фото\" alt=\"Фото\" coords=\"225,115,285,115,285,182,225,182,225,115\" shape=\"poly\" href=\"../../gallery\" />\r\n \r\n<area title=\"новости\" alt=\"новости\" coords=\"128,121,181,121,181,182,128,182,128,121\" shape=\"poly\" href=\"../../news\" />\r\n \r\n<area title=\"Словарь терминов\" alt=\"Словарь терминов\" coords=\"35,121,85,121,85,182,35,182,35,121\" shape=\"poly\" href=\"../../terms\" />\r\n \r\n<area title=\"Главная\" alt=\"Главная\" coords=\"345,21,388,21,388,81,345,81,345,21\" shape=\"poly\" href=\"../../\" />\r\n </map></p>',1455854137,1456167009,'map');
/*!40000 ALTER TABLE `pages` ENABLE KEYS */;
UNLOCK TABLES;

--
-- Table structure for table `params`
--

DROP TABLE IF EXISTS `params`;
/*!40101 SET @saved_cs_client     = @@character_set_client */;
/*!40101 SET character_set_client = utf8 */;
CREATE TABLE `params` (
  `key` varchar(255) NOT NULL DEFAULT '',
  `value` mediumtext,
  `is_hidden` tinyint(1) NOT NULL,
  `group` varchar(255) DEFAULT NULL,
  `view_type` varchar(255) DEFAULT NULL,
  `label` varchar(255) DEFAULT NULL,
  PRIMARY KEY (`key`)
) ENGINE=InnoDB DEFAULT CHARSET=utf8;
/*!40101 SET character_set_client = @saved_cs_client */;

--
-- Dumping data for table `params`
--

LOCK TABLES `params` WRITE;
/*!40000 ALTER TABLE `params` DISABLE KEYS */;
INSERT INTO `params` VALUES ('albums_count','5',0,'counters','text','Количество альбомов на странице'),('footer-left-text','© Сетевая академия Омавиат',0,'texts','textarea','Текст футера слева'),('footer-right-text','г.Омск, ул. Ленина, 24',0,'texts','textarea','Текст футера справа'),('materials_count','20',0,'counters','text','Количество материалов на странице'),('menu','[{\"id\":11,\"title\":\"Главная\",\"http\":\"yandex.ru\",\"superselect\":\"76\"},{\"id\":10,\"title\":\"Термины\",\"http\":\"\",\"superselect\":\"74\"},{\"title\":\"Новости\",\"superselect\":\"73\"},{\"id\":9,\"title\":\"Галерея\",\"http\":\"\",\"superselect\":\"72\"},{\"id\":6,\"title\":\"Материалы\",\"http\":\"\",\"superselect\":\"75\",\"children\":[{\"id\":5,\"title\":\"Лабораторные работы\",\"http\":\"\",\"superselect\":\"80\"},{\"title\":\"Практические работы\",\"superselect\":\"82\"},{\"title\":\"Презентации\",\"superselect\":\"83\"},{\"title\":\"Софт\",\"superselect\":\"84\"}]},{\"id\":1,\"title\":\"Карта сайта\",\"http\":\"\",\"superselect\":\"79\"},{\"title\":\"Контакты\",\"superselect\":\"78\"}]',1,NULL,NULL,NULL),('news_count','3',0,'counters','text','Количество новостей на странице'),('photos_count','12',0,'counters','text','Количество фотографий на странице'),('reg_rules','Правила регистрации на сайте',0,'texts','textarea','Правила регистрации на сайте'),('terms_count','15',0,'counters','text','Количество терминов на странице');
/*!40000 ALTER TABLE `params` ENABLE KEYS */;
UNLOCK TABLES;

--
-- Table structure for table `photo_albums`
--

DROP TABLE IF EXISTS `photo_albums`;
/*!40101 SET @saved_cs_client     = @@character_set_client */;
/*!40101 SET character_set_client = utf8 */;
CREATE TABLE `photo_albums` (
  `id` int(11) NOT NULL AUTO_INCREMENT,
  `user_id` int(11) NOT NULL,
  `title` varchar(255) NOT NULL,
  `description` varchar(255) DEFAULT NULL,
  `created_at` int(11) NOT NULL,
  `updated_at` int(11) NOT NULL,
  `cover_photo_id` int(11) DEFAULT NULL,
  `views_count` int(11) DEFAULT NULL,
  PRIMARY KEY (`id`)
) ENGINE=InnoDB AUTO_INCREMENT=9 DEFAULT CHARSET=utf8;
/*!40101 SET character_set_client = @saved_cs_client */;

--
-- Dumping data for table `photo_albums`
--

LOCK TABLES `photo_albums` WRITE;
/*!40000 ALTER TABLE `photo_albums` DISABLE KEYS */;
INSERT INTO `photo_albums` VALUES (2,1,'Екатеринбург 2014','Описание',1454250880,1456130408,85,157),(3,1,'Экскурсии Олимпиады 2015 Екатеринбург','223',1454265722,1456130823,80,79),(4,1,'Группа ОС-3 2010','',1454270423,1456132715,73,18),(5,1,'Лаборатория \"Сетевых технологий, операционных систем и виртуализации\"','',1456128454,1456168309,99,3),(6,1,'Экскурсия 12 канал 22.01.2014','',1456128469,1456133002,92,1),(7,1,'Группа ОС-5 2010','',1456128484,1456130548,90,NULL),(8,1,'Второй открытый конкурс по сетевым технологиям ноябрь 2013','',1456128493,1456464327,75,2);
/*!40000 ALTER TABLE `photo_albums` ENABLE KEYS */;
UNLOCK TABLES;

--
-- Table structure for table `photos`
--

DROP TABLE IF EXISTS `photos`;
/*!40101 SET @saved_cs_client     = @@character_set_client */;
/*!40101 SET character_set_client = utf8 */;
CREATE TABLE `photos` (
  `id` int(11) NOT NULL AUTO_INCREMENT,
  `user_id` int(11) NOT NULL,
  `image` varchar(255) NOT NULL,
  `created_at` int(11) NOT NULL,
  `updated_at` int(11) NOT NULL,
  `album_id` int(11) DEFAULT NULL,
  PRIMARY KEY (`id`)
) ENGINE=InnoDB AUTO_INCREMENT=100 DEFAULT CHARSET=utf8;
/*!40101 SET character_set_client = @saved_cs_client */;

--
-- Dumping data for table `photos`
--

LOCK TABLES `photos` WRITE;
/*!40000 ALTER TABLE `photos` DISABLE KEYS */;
INSERT INTO `photos` VALUES (71,1,'p7mNy2G8eWuCP6IJ9b34OqAQz3BoC1zV.jpg',1456128839,1456128839,4),(72,1,'Nn8ACr93G7JbB8Eo8I_M_IJvFAZ0NxcC.jpg',1456128839,1456128839,4),(73,1,'ngMFWGbgQJjW5jD9p6WrCdQ2Ru3qUu2L.jpg',1456128839,1456128839,4),(74,1,'-zmrl21uiyLhq1r3qClTdQehqjbLGRRA.jpg',1456129146,1456129146,8),(75,1,'DKf17U_0eL85M4iG8UQuTSVvsq_P-_yM.jpg',1456129146,1456129146,8),(76,1,'o_2pbUfES0KLUACF94i7K9jjRY6_SGXV.jpg',1456129146,1456129146,8),(77,1,'ezfz32fPQSBskkMPwRVbrTcsH4OTD9_w.jpg',1456129146,1456129146,8),(78,1,'uu5SqAijdRqAu3vODwpDpLa4Sv3rg1KA.jpg',1456129146,1456129146,8),(79,1,'3A1bf9giMcjlD2NRhUlhdMKF5PYeoRVs.jpg',1456130141,1456130141,3),(80,1,'utaIhmO9ZBc4Zh7QEhDtQ16vcwPz3mDr.jpg',1456130141,1456130141,3),(81,1,'q39fGXk1wX3adnN8Kgvpfw6IlEK08rzW.jpg',1456130141,1456130141,3),(82,1,'AyURGNjm6kREFaCcnwijVqI9NUZ5CW9h.jpg',1456130141,1456130141,3),(83,1,'_RrY6nvpZCGkkl6KJ3fiBkIpNZF3RPNY.jpg',1456130141,1456130141,3),(84,1,'iwE22HX5G2ERSUknkYx4ZUYmeeyGkb8y.jpg',1456130394,1456130394,2),(85,1,'p_ntaCuXxzsc1MGqV4spQXa4I_A5yedK.jpg',1456130394,1456130394,2),(86,1,'OLeeXf8iP1eeB0vMkmR_-RB7Edyrw9QE.jpg',1456130394,1456130394,2),(87,1,'5Fh1mtgRiuonLAWy38lrXSknJ4sjYuRE.jpg',1456130394,1456130394,2),(88,1,'7WXDvFsdm-L_GVgGnse1io0swXb4JsEQ.jpg',1456130394,1456130394,2),(89,1,'azFVALgtCM46NUsjDmNNt2AWOgVIJdaM.jpg',1456130536,1456130536,7),(90,1,'gmFW8kM5KTMrA7t22eAUFq7Fir7wcBUh.jpg',1456130536,1456130536,7),(91,1,'bMMJHktRv84NJU2rfgK61ESNe4UKuI7x.jpg',1456130634,1456130634,6),(92,1,'aJRP2-GrXu2v69LXYn2LzD2MwQiX4HB9.jpg',1456130634,1456130634,6),(93,1,'f69YzdJMkVDtwzW5d6EacHgWe_Hp4fG7.jpg',1456130634,1456130634,6),(94,1,'-zEjVGWmypWhGQ7HmKjA1tHwajKT12oG.jpg',1456130635,1456130635,6),(95,1,'GmiUeC9cFe_LQBbm0oSSfWBLcWDEq-2E.jpg',1456130763,1456130763,5),(96,1,'9O8GwVAilUNdRK37nCNcLXF2wRURcbKk.jpg',1456130763,1456130763,5),(97,1,'P8tfpgAJOM7Q39Lb7VrP9brDAlyRUdK_.jpg',1456130763,1456130763,5),(98,1,'JmnsrnekCiwMiljgZ0pF6itTSVLe3bWK.jpg',1456130763,1456130763,5),(99,1,'zLQmqvDRiEinpSlJp-u9_fuCX0ZbNKGU.jpg',1456130763,1456130763,5);
/*!40000 ALTER TABLE `photos` ENABLE KEYS */;
UNLOCK TABLES;

--
-- Table structure for table `terms`
--

DROP TABLE IF EXISTS `terms`;
/*!40101 SET @saved_cs_client     = @@character_set_client */;
/*!40101 SET character_set_client = utf8 */;
CREATE TABLE `terms` (
  `id` int(11) NOT NULL AUTO_INCREMENT,
  `title` varchar(255) DEFAULT NULL,
  `short_description` text,
  `description` text,
  PRIMARY KEY (`id`)
) ENGINE=InnoDB AUTO_INCREMENT=54 DEFAULT CHARSET=utf8;
/*!40101 SET character_set_client = @saved_cs_client */;

--
-- Dumping data for table `terms`
--

LOCK TABLES `terms` WRITE;
/*!40000 ALTER TABLE `terms` DISABLE KEYS */;
INSERT INTO `terms` VALUES (1,'AAA','(англ. Authentication, Authorization, Accounting). Функция, которая представляет собой комплексную структуру организации доступа пользователя в сеть. ','(англ. Authentication, Authorization, Accounting). Функция, которая представляет собой комплексную структуру организации доступа пользователя в сеть. Она включает следующие базовые процессы:\r\n\r\nАутентификация\r\nАвторизация\r\nУчет'),(2,'Access layer','Уровень доступа. Уровень доступа является нижним уровнем иерархической модели сети.','Уровень доступа. Уровень доступа является нижним уровнем иерархической модели сети и управляет доступом пользователей и рабочих групп к ресурсам объединенной сети. Основной задачей уровня доступа является создание точек входа/выхода пользователей в сеть.'),(15,'Аутентификация','Процедура проверки подлинности субъекта на основе предоставленных им данных','<p>\n	Процедура проверки подлинности субъекта на основе предоставленных им данных.</p>\n'),(16,'Авторизация','Предоставление определенных прав лицу на выполнение некоторых действий.','<p>\n	Предоставление определенных прав лицу на выполнение некоторых действий.</p>\n'),(18,'ACL','Списки управления доступом.','<div>\n	Списки управления доступом являются средством фильтрации потоков данных на аппаратном уровне. Используя ACL, можно ограничить типы приложений, разрешенных для использования в сети, контролировать доступ пользователей к сети и определять устройства, к которым они могут подключаться. Также ACL могут использоваться для определения политики QoS путем классификации трафика и переопределения его приоритета.</div>\n<div>\n	&nbsp;</div>\n'),(19,'ARP','Протокол разрешения адресов','<div>\n	Протокол, используемый для динамического преобразования IP-адресов в физические (аппаратные) МАС-адреса устройств локальной сети TCP/IP. В общем случае ARP требует передачи широковещательного сообщения всем узлам, на которое отвечает узел с соответствующим запросу IP-адресом.</div>\n<div>\n	&nbsp;</div>\n'),(20,'ASIC','Специализированная для решения конкретной задачи интегральная схема (ИС).','<p>\n	Специализированная для решения конкретной задачи интегральная схема (ИС). Совре&shy;менные контроллеры AC1S часто содержат на одном кристалле 32-битные процессоры, блоки памяти, включая ROM, RAM, EEPROM, Flash, и встроенное программное обеспечение. Такие ASIC получи&shy;ли название System-on-a-Chip (SoC).</p>\n'),(21,'Backbone','Магистраль, часть сети, по которой передается основной трафик и которая является чаще всего источником и приемником трафика других сетей.','<p>\n	<span style=\"font-size: 10pt; line-height: 107%; font-family: \'Times New Roman\', serif;\">Магистраль, часть сети, по которой передается основной тра­фик и которая является чаще всего источником и приемником тра­фика других сетей.</span></p>\n'),(22,'Backplane','Объединительная плата.','<p>\n	<span style=\"font-size: 10pt; line-height: 107%; font-family: \'Times New Roman\', serif;\">Физическое соединение между интер&shy;фейсным процессором или платой, шинами данных и шинами рас&shy;пределения питания системного блока устройства.</span></p>\n'),(23,'BGP','Протокол пограничных шлюзов. ','<p>\n	Обеспечивает основную динамическую маршрутизацию в сети Ин&shy;тернет. Регламентируется RFC 4271 и другими.</p>\n'),(24,'BOOTP','Протокол загрузки. ','<p>\n	Сетевой протокол, используемый для удаленной загрузки бездисковых рабочих стан­ций. Позволяет им автоматически получать IP-адрес и другие пара­метры, необходимые для работы в сети TCP/IP. Данный протокол работает по модели «клиент-сервер». Регламентируется RFC 951 и другими.</p>\n'),(25,'Broadcast','Широковещание.','<p>\n	Система доставки пакетов, при которой ко&shy;пия каждого пакета передается всем узлам, подключенным к сети.</p>\n'),(26,'Bus topology ','Шинная топология','<p>\n	Топология сети, при которой в качестве среды передачи используется единый кабель (он может состоять из последовательно соединенных отрезков), к которому подключаются все сетевые устройства.</p>\n'),(27,'CLI','Интерфейс командной строки.','<p>\n	Поз&shy;воляет пользователю взаимодействовать с операционной системой настраиваемого устройства путем ввода команд и параметров.</p>\n'),(28,'Collision','Возникает в сети Ethernet, когда два узла одновременно ведут передачу. ','<p>\n	Возникает в сети Ethernet, когда два узла одновремен­но ведут передачу. Передаваемые ими по физическому носителю ка­дры сталкиваются и разрушаются.</p>\n'),(29,'Collision domain ','Часть сети Ethernet, все узлы которой распознают коллизию независимо от того, в какой части сети эта коллизия возникла.','<p>\n	Домен коллизий. Часть сети Ethernet, все узлы которой распознают коллизию независимо от того, в какой части сети эта коллизия возникла.</p>\n'),(30,'Core layer ','Уровень ядра находится на самом верху иерархической модели сети и отвечает за надежную и быструю передачу больших объемов данных. ','<p>\n	Уровень ядра находится на самом верху иерархи­ческой модели сети и отвечает за надежную и быструю передачу больших объемов данных. Трафик, передаваемый через ядро, явля­ется общим для большинства пользователей. Сами пользовательскиеданные обрабатываются на уровне распределения, который, при не­обходимости, пересылает запросы к ядру.</p>\n'),(31,'Cut-through ','Коммутация без буферизации. ','<p>\n	Коммутация без буферизации. Способ коммутации, при ко&shy;тором коммутатор копирует в буфер только МАС-адрес приемника (первые 6 байт после префикса) и сразу начинает передавать кадр, не дожидаясь его полного приема. Коммутация без буферизации уменьшает задержку, но проверку на ошибки не выполняет.</p>\n'),(32,'CoS','Class of Service','<p>\n	Класс обслуживания. Способ классификации и приоритизации пакетов на основе типа приложения или других методов классификации (802.1 р, ToS, DiffServ) для обеспечения ка&shy;чества обслуживания в сети.</p>\n'),(33,'Diffserv',' Differentiated Services','<p>\n	Простой метод классификации, уп&shy;равления и предоставления качества обслуживания в современных IP-сетях. Использует для своей работы поле DSCP. Регламентирует&shy;ся RFC 2475, 3260.</p>\n'),(34,'DNS','Domain Name System','<p>\n	Система доменных имен. Компьютер&shy;ная распределенная система для получения информации о доменах. Чаще всего используется для получения IP-адреса по имени хоста (компьютера или устройства), получения информации о маршрути&shy;зации почты, обслуживающих узлах для протоколов в домене</p>\n'),(35,'DoS','Denial-of-service','<p>\n	Атака типа &laquo;отказ в обслуживании&raquo;.</p>\n'),(36,'DHCP','Dynamic Host Configuration Protocol','<p>\n	Протокол динамичес&shy;кой конфигурации узла. Сетевой протокол, позволяющий компью&shy;терам автоматически получать IP-адрес и другие параметры, необхо&shy;димые для работы в сети TCP/IP. Данный протокол работает по мо&shy;дели &laquo;клиент-сервер&raquo;. Является расширением протокола ВООТР. Регламентируется RFC 2131 и другими.</p>\n'),(37,'E2ES','«Безопасность от края до края».','<p>\n	Концепция комплексной защиты сети предприятия.</p>\n'),(38,'EBS','Расширенный размер всплеска. ','<p>\n	Расширенный размер всплеска. <strong>В </strong>алго&shy;ритме &laquo;корзина маркеров&raquo; &mdash; объем трафика, на который может быть превышен размер корзины маркеров в экстренном случае. Также см. CBS и CIR.</p>\n'),(39,'EAP','Расширяемый протокол аутентификации.','<p>\n	Расширяемый протокол ау­тентификации. Протокол, поддерживающий множество механизмов аутентификации.</p>\n'),(40,'Ethernet','Стандарт организации локальных сетей (ЛВС)','<p>\n	Стандарт организации локальных сетей (ЛВС), описанный в спе&shy;цификациях IEEE и других организаций. IEEE 802.3. Ethernet ис&shy;пользует полосу 10 Мбит/с и метод доступа к среде CSMA/CD. Наи&shy;более популярной реализацией Ethernet является 10Base-T. Развити&shy;ем технологии Ethernet является Fast Ethernet (100 Мбит/с), Gigabit Ethernet (1 Гбит/с), 10 Gigabit Ethernet (10 Гбит/с).</p>\n'),(41,'FDB','Таблицы коммутации. ','<p>\n	Таблица комму&shy;тации создается коммутатором в процессе работы и содержит дан&shy;ные о соответствии МАС-адреса узла порту коммутатора.</p>\n'),(42,'Flooding','Лавинная передача. ','<p>\n	Способ передачи трафика, используемый в коммутаторах и мостах, при котором полученный интерфейсом тра&shy;фик пересылается всем другим интерфейсам этого устройства.</p>\n'),(43,'Fragment-free','Коммутация с исключением фрагментов.','<p>\n	Этот метод ком&shy;мутации является компромиссным решением между методами store - and-forward и cut-through switching. Коммутатор принимает в буфер первые 64 байта кадра, что позволяет ему отфильтровывать коллизи&shy;онные кадры перед их передачей.</p>\n'),(44,'GBIC','Спецификация SFF-8053 комите¬та SFF на компактные сменные интерфейсные модули, описываю¬щая конвертеры гигабитного интерфейса.','<p>\n	Спецификация SFF-8053 комите&shy;та SFF на компактные сменные интерфейсные модули, описываю&shy;щая конвертеры гигабитного интерфейса.</p>\n'),(45,'GUI','Графический интерфейс пользователя.','<p>\n	<strong>Графический интерфейс пользователя. Метод взаимодействия между пользователем и компьютером, при ко&shy;тором пользователь может вызывать различные функции, указывая на графические элементы (кнопки) вместо ввода команд с клавиатуры.</strong></p>\n'),(46,'HDMI','Цифровой интерфейс','<p>\n	<strong>Цифровой интерфейс, использующийся в некоторых коммутаторах </strong><strong>D</strong><strong>-</strong><strong>Link</strong> <strong>для физическо&shy;го стекирования.</strong></p>\n'),(47,'ICMP','Межсетевой протокол уп¬равляющих сообщений. ','<p>\n	<strong>Сетевой протокол, входящий в стек протоко&shy;лов TCP/IP. В основном 1СМР используется для передачи сообщений об ошибках и других исключительных ситуациях, возникших при пе&shy;редаче данных, например, запрашиваемая услуга недоступна, или узел или маршрутизатор не отвечают. Также на 1СМР возлагаются некото&shy;рые сервисные функции. Регламентируется</strong> <strong>RFC </strong><strong>792 </strong><strong>и</strong> <strong>другими</strong><strong>.</strong></p>\n'),(48,'IEEE','Институт инженеров по электротехнике и радиоэлектронике. ','<p>\n	<strong>Профессиональная организация, основанная в 1963 году для координации разработки компьютерных и коммуникационных стандартов. Институт подго&shy;товил группу стандартов 802 для локальных сетей. Членами IEEE яв&shy;ляются ANSI и ISO.</strong></p>\n'),(49,'IGMP','Межсетевой протокол управления группами.','<p>\n	<strong>Межсетевой протокол управления группами. Протокол </strong><strong>IGMP</strong> <strong>используется для динамиче&shy;ской регистрации отдельных узлов в многоадресной группе локаль&shy;ной сети. Узлы сети определяют принадлежность к группе, посылая</strong></p>\n'),(50,'TCP/IP','Описывает программную маршрутизацию пакетов и адресацию устройств.','<p>\n	<strong>Описывает программную маршрутизацию пакетов и адресацию устройств.</strong></p>\n<p>\n	<strong>Стандарт используется для передачи через сеть базовых блоков данных и дейтаграмм </strong><strong>IP</strong><strong>. </strong><strong>Обеспечивает передачу пакетов без организации соедине&shy;ний и гарантии доставки. Регламентируется </strong><strong>RFC</strong> <strong>791 и другими.</strong></p>\n'),(51,'LAN','Локальная сеть','<p>\n	Высокоскоростная ком пьютерная сеть, покрывающая относительно небольшую площадь. Локальные сети объединяют рабочие станции, периферийные уст ройства, терминалы и другие устройства, находящиеся в одном зда&shy;нии или на другой небольшой территории.</p>\n'),(52,'MAC address ','Стандартный адрес канального уровня','<p>\n	Стандартный адрес канального уровня, кото&shy;рый требуется задавать для каждого порта или устройства, подклю&shy;ченного к локальной сети. Другие устройства используют эти адреса для обнаружения специальных сетевых портов, а также для создания и обновления таблиц маршрутизации и структур данных. Длина МАС-адреса составляет 6 байтов, а его содержимое регламентирует&shy;ся IEEE. МАС-адреса также называют аппаратными или физически&shy;ми адресами.</p>\n<p>\n	MAC (англ. MAC-based Access Control). Функция коммутаторов D-Link, позволяющая проводить аутентификацию пользователей через про&shy;токол IEEE 802. IX, используя в качестве источника аутентификации МАС-адрес сетевой платы пользователя.</p>\n'),(53,'MDIX','Medium Dependent Interface with Crossover','<p>\n	Ethernet-интер- фейс с перекрёстным подключением цепей приема и передачи. Ис&shy;пользуется в Ethernet-коммутаторах.</p>\n');
/*!40000 ALTER TABLE `terms` ENABLE KEYS */;
UNLOCK TABLES;

--
-- Table structure for table `user`
--

DROP TABLE IF EXISTS `user`;
/*!40101 SET @saved_cs_client     = @@character_set_client */;
/*!40101 SET character_set_client = utf8 */;
CREATE TABLE `user` (
  `id` int(11) NOT NULL AUTO_INCREMENT,
  `username` varchar(255) NOT NULL,
  `email` varchar(255) NOT NULL,
  `password_hash` varchar(255) NOT NULL,
  `name` varchar(255) NOT NULL,
  `family` varchar(255) NOT NULL,
  `image` varchar(255) DEFAULT NULL,
  `status` smallint(6) NOT NULL,
  `auth_key` varchar(32) NOT NULL,
  `created_at` int(11) NOT NULL,
  `updated_at` int(11) NOT NULL,
  `role` varchar(255) NOT NULL,
  `secret_key` varchar(255) DEFAULT NULL,
  `salt` varchar(255) DEFAULT NULL,
  PRIMARY KEY (`id`)
) ENGINE=InnoDB AUTO_INCREMENT=16 DEFAULT CHARSET=utf8;
/*!40101 SET character_set_client = @saved_cs_client */;

--
-- Dumping data for table `user`
--

LOCK TABLES `user` WRITE;
/*!40000 ALTER TABLE `user` DISABLE KEYS */;
INSERT INTO `user` VALUES (1,'admins','andrinskiy@omaviat.ru','a5477475cd0151f917b1caa17f1d9ced','Илья','Адринский','-6ZXtqcgFzu7ppU3Di5I_yOXGCtpYLcr.jpg',1,'B8KN-YXQKsOKOmfQoCvsdolX_HxVwuTZ',1453976851,1456115586,'20',NULL,'123'),(2,'452380','452380@mail.ru','bbc5e34ac5b2857c92b7abccb04194dc','Владимир','Борисов',NULL,1,'NjZ_HGAHZPH4QiPu2aWGInOQ5J9InUDz',1453978436,1454009295,'10',NULL,'ёБёЗїё'),(3,'stuzer','mrstuzer@gmail.com','7a50f3aa416f5261777d2b8706e2be4c','Александр','Ермошкин',NULL,1,'1hJd38Wh2N67A5FsiX45H1hqbdjQaw64',1454159108,1454159108,'10',NULL,'»¶А··Е'),(4,'LevaLev','leo12452@mail.ru','fde0e7d6092424af34bcf452272af044','Лев','Михеев',NULL,1,'t8beAeDkPKXMEpXM-osSEJBKL2IMFryp',1454159694,1454160188,'10',NULL,'ДВјЖЗВ'),(5,'administrator','evgeniii1973@mail.ru','da66c914799924377aff57aeade2dedc','Игорь','Журавлев',NULL,1,'-bkBgLVBNz7OHHiiS4vDd0Muk9wYMIHq',1454161123,1454161123,'20',NULL,'№ИИёґБ'),(12,'primer','primer@mail.ru','67e9b5b825c47004ef69abb472ff4582','Светлана','Иванова','',1,'Wv_TnhBn3rDYppymDylb8kOjJyzbkmuc',1455627227,1455627227,'10',NULL,'¶µВ»ЕИ'),(13,'systemka','systemka08@mail.ru','7d3704e8754eab27973adf3263086f1b','Анна','Арутюнова',NULL,1,'ZnVRtKkJbc7nTcCx6aWbYimEdez59yvC',1455648450,1455648450,'10',NULL,'»Д·µДВ');
/*!40000 ALTER TABLE `user` ENABLE KEYS */;
UNLOCK TABLES;
/*!40103 SET TIME_ZONE=@OLD_TIME_ZONE */;

/*!40101 SET SQL_MODE=@OLD_SQL_MODE */;
/*!40014 SET FOREIGN_KEY_CHECKS=@OLD_FOREIGN_KEY_CHECKS */;
/*!40014 SET UNIQUE_CHECKS=@OLD_UNIQUE_CHECKS */;
/*!40101 SET CHARACTER_SET_CLIENT=@OLD_CHARACTER_SET_CLIENT */;
/*!40101 SET CHARACTER_SET_RESULTS=@OLD_CHARACTER_SET_RESULTS */;
/*!40101 SET COLLATION_CONNECTION=@OLD_COLLATION_CONNECTION */;
/*!40111 SET SQL_NOTES=@OLD_SQL_NOTES */;

-- Dump completed on 2016-02-26  6:23:45
